class,bucket,register,suite_file,test_function,nodeid,detail
shim,astype missing device=,G-046,test_signatures.py,test_func_signature,array_api_tests/test_signatures.py::test_func_signature[astype],AssertionError: Argument 'X' missing from signature
shim,bitwise_invert uint64 PyScalar carrier,G-013,test_operators_and_elementwise_functions.py,test_bitwise_invert,array_api_tests/test_operators_and_elementwise_functions.py::test_bitwise_invert[__invert__],"AssertionError: out=-N, but should be ~x=N [__invert__()]"
shim,bitwise_invert uint64 PyScalar carrier,G-013,test_operators_and_elementwise_functions.py,test_bitwise_invert,array_api_tests/test_operators_and_elementwise_functions.py::test_bitwise_invert[bitwise_invert],"AssertionError: out=-N, but should be ~x=N [bitwise_invert()]"
shim,creation shape pos-only (empty/full/ones/zeros),G-047,test_signatures.py,test_func_signature,array_api_tests/test_signatures.py::test_func_signature[empty],"AssertionError: shape is a pos-only argument, but should be a pos or kw argument"
shim,creation shape pos-only (empty/full/ones/zeros),G-047,test_signatures.py,test_func_signature,array_api_tests/test_signatures.py::test_func_signature[full],"AssertionError: shape is a pos-only argument, but should be a pos or kw argument"
shim,creation shape pos-only (empty/full/ones/zeros),G-047,test_signatures.py,test_func_signature,array_api_tests/test_signatures.py::test_func_signature[ones],"AssertionError: shape is a pos-only argument, but should be a pos or kw argument"
shim,creation shape pos-only (empty/full/ones/zeros),G-047,test_signatures.py,test_func_signature,array_api_tests/test_signatures.py::test_func_signature[zeros],"AssertionError: shape is a pos-only argument, but should be a pos or kw argument"
shim,finfo(complex),G-032,test_data_type_functions.py,test_finfo,array_api_tests/test_data_type_functions.py::test_finfo[dtype2],G-032
shim,finfo(complex),G-032,test_data_type_functions.py,test_finfo,array_api_tests/test_data_type_functions.py::test_finfo[dtype3],G-032
shim,finfo(complex),G-032,test_data_type_functions.py,test_finfo_dtype,array_api_tests/test_data_type_functions.py::test_finfo_dtype[dtype2],G-032
shim,finfo(complex),G-032,test_data_type_functions.py,test_finfo_dtype,array_api_tests/test_data_type_functions.py::test_finfo_dtype[dtype3],G-032
shim,isnan/isfinite/isinf 0-d result shape,G-040,test_operators_and_elementwise_functions.py,test_isfinite,array_api_tests/test_operators_and_elementwise_functions.py::test_isfinite,"AssertionError: out.shape=(N,), but should be () [isfinite()]"
shim,isnan/isfinite/isinf 0-d result shape,G-040,test_operators_and_elementwise_functions.py,test_isinf,array_api_tests/test_operators_and_elementwise_functions.py::test_isinf,"AssertionError: out.shape=(N,), but should be () [isinf()]"
shim,isnan/isfinite/isinf 0-d result shape,G-040,test_operators_and_elementwise_functions.py,test_isnan,array_api_tests/test_operators_and_elementwise_functions.py::test_isnan,"AssertionError: out.shape=(N,), but should be () [isnan()]"
shim,namespace-info (devices/default_device/dtypes(kind)/default_dtypes keys),G-048/049/050,test_inspection_functions.py,test_default_dtypes,array_api_tests/test_inspection_functions.py::TestInspection::test_default_dtypes,AssertionError: assert False
shim,namespace-info (devices/default_device/dtypes(kind)/default_dtypes keys),G-048/049/050,test_inspection_functions.py,test_devices,array_api_tests/test_inspection_functions.py::TestInspection::test_devices,AssertionError: assert False
shim,namespace-info (devices/default_device/dtypes(kind)/default_dtypes keys),G-048/049/050,test_inspection_functions.py,test_array_namespace_info_dtypes,array_api_tests/test_inspection_functions.py::test_array_namespace_info_dtypes,ExceptionGroup: Hypothesis found N distinct failures. (N sub-exceptions)
shim,namespace-info (devices/default_device/dtypes(kind)/default_dtypes keys),G-048/049/050,test_signatures.py,test_info_func_signature,array_api_tests/test_signatures.py::test_info_func_signature[default_device],AttributeError: 'X' object has no attribute 'X'. Did you mean: 'X'?
surface-linalg,linalg namespace + top-level matmul/matrix_transpose/tensordot/vecdot,G-023,test_has_names.py,test_has_names,array_api_tests/test_has_names.py::test_has_names[array_method-__matmul__],AssertionError: The rstsr_faer.api array object is missing the method __matmul__()
surface-linalg,linalg namespace + top-level matmul/matrix_transpose/tensordot/vecdot,G-023,test_has_names.py,test_has_names,array_api_tests/test_has_names.py::test_has_names[linalg-cholesky],AttributeError: module 'X' has no attribute 'X'
surface-linalg,linalg namespace + top-level matmul/matrix_transpose/tensordot/vecdot,G-023,test_has_names.py,test_has_names,array_api_tests/test_has_names.py::test_has_names[linalg-cross],AttributeError: module 'X' has no attribute 'X'
surface-linalg,linalg namespace + top-level matmul/matrix_transpose/tensordot/vecdot,G-023,test_has_names.py,test_has_names,array_api_tests/test_has_names.py::test_has_names[linalg-det],AttributeError: module 'X' has no attribute 'X'
surface-linalg,linalg namespace + top-level matmul/matrix_transpose/tensordot/vecdot,G-023,test_has_names.py,test_has_names,array_api_tests/test_has_names.py::test_has_names[linalg-diagonal],AttributeError: module 'X' has no attribute 'X'
surface-linalg,linalg namespace + top-level matmul/matrix_transpose/tensordot/vecdot,G-023,test_has_names.py,test_has_names,array_api_tests/test_has_names.py::test_has_names[linalg-eigh],AttributeError: module 'X' has no attribute 'X'
surface-linalg,linalg namespace + top-level matmul/matrix_transpose/tensordot/vecdot,G-023,test_has_names.py,test_has_names,array_api_tests/test_has_names.py::test_has_names[linalg-eigvalsh],AttributeError: module 'X' has no attribute 'X'
surface-linalg,linalg namespace + top-level matmul/matrix_transpose/tensordot/vecdot,G-023,test_has_names.py,test_has_names,array_api_tests/test_has_names.py::test_has_names[linalg-inv],AttributeError: module 'X' has no attribute 'X'
surface-linalg,linalg namespace + top-level matmul/matrix_transpose/tensordot/vecdot,G-023,test_has_names.py,test_has_names,array_api_tests/test_has_names.py::test_has_names[linalg-matmul],AttributeError: module 'X' has no attribute 'X'
surface-linalg,linalg namespace + top-level matmul/matrix_transpose/tensordot/vecdot,G-023,test_has_names.py,test_has_names,array_api_tests/test_has_names.py::test_has_names[linalg-matrix_norm],AttributeError: module 'X' has no attribute 'X'
surface-linalg,linalg namespace + top-level matmul/matrix_transpose/tensordot/vecdot,G-023,test_has_names.py,test_has_names,array_api_tests/test_has_names.py::test_has_names[linalg-matrix_power],AttributeError: module 'X' has no attribute 'X'
surface-linalg,linalg namespace + top-level matmul/matrix_transpose/tensordot/vecdot,G-023,test_has_names.py,test_has_names,array_api_tests/test_has_names.py::test_has_names[linalg-matrix_rank],AttributeError: module 'X' has no attribute 'X'
surface-linalg,linalg namespace + top-level matmul/matrix_transpose/tensordot/vecdot,G-023,test_has_names.py,test_has_names,array_api_tests/test_has_names.py::test_has_names[linalg-matrix_transpose],AttributeError: module 'X' has no attribute 'X'
surface-linalg,linalg namespace + top-level matmul/matrix_transpose/tensordot/vecdot,G-023,test_has_names.py,test_has_names,array_api_tests/test_has_names.py::test_has_names[linalg-outer],AttributeError: module 'X' has no attribute 'X'
surface-linalg,linalg namespace + top-level matmul/matrix_transpose/tensordot/vecdot,G-023,test_has_names.py,test_has_names,array_api_tests/test_has_names.py::test_has_names[linalg-pinv],AttributeError: module 'X' has no attribute 'X'
surface-linalg,linalg namespace + top-level matmul/matrix_transpose/tensordot/vecdot,G-023,test_has_names.py,test_has_names,array_api_tests/test_has_names.py::test_has_names[linalg-qr],AttributeError: module 'X' has no attribute 'X'
surface-linalg,linalg namespace + top-level matmul/matrix_transpose/tensordot/vecdot,G-023,test_has_names.py,test_has_names,array_api_tests/test_has_names.py::test_has_names[linalg-slogdet],AttributeError: module 'X' has no attribute 'X'
surface-linalg,linalg namespace + top-level matmul/matrix_transpose/tensordot/vecdot,G-023,test_has_names.py,test_has_names,array_api_tests/test_has_names.py::test_has_names[linalg-solve],AttributeError: module 'X' has no attribute 'X'
surface-linalg,linalg namespace + top-level matmul/matrix_transpose/tensordot/vecdot,G-023,test_has_names.py,test_has_names,array_api_tests/test_has_names.py::test_has_names[linalg-svd],AttributeError: module 'X' has no attribute 'X'
surface-linalg,linalg namespace + top-level matmul/matrix_transpose/tensordot/vecdot,G-023,test_has_names.py,test_has_names,array_api_tests/test_has_names.py::test_has_names[linalg-svdvals],AttributeError: module 'X' has no attribute 'X'
surface-linalg,linalg namespace + top-level matmul/matrix_transpose/tensordot/vecdot,G-023,test_has_names.py,test_has_names,array_api_tests/test_has_names.py::test_has_names[linalg-tensordot],AttributeError: module 'X' has no attribute 'X'
surface-linalg,linalg namespace + top-level matmul/matrix_transpose/tensordot/vecdot,G-023,test_has_names.py,test_has_names,array_api_tests/test_has_names.py::test_has_names[linalg-trace],AttributeError: module 'X' has no attribute 'X'
surface-linalg,linalg namespace + top-level matmul/matrix_transpose/tensordot/vecdot,G-023,test_has_names.py,test_has_names,array_api_tests/test_has_names.py::test_has_names[linalg-vecdot],AttributeError: module 'X' has no attribute 'X'
surface-linalg,linalg namespace + top-level matmul/matrix_transpose/tensordot/vecdot,G-023,test_has_names.py,test_has_names,array_api_tests/test_has_names.py::test_has_names[linalg-vector_norm],AttributeError: module 'X' has no attribute 'X'
surface-linalg,linalg namespace + top-level matmul/matrix_transpose/tensordot/vecdot,G-023,test_has_names.py,test_has_names,array_api_tests/test_has_names.py::test_has_names[linear_algebra-matmul],AssertionError: rstsr_faer.api is missing the linear_algebra function matmul()
surface-linalg,linalg namespace + top-level matmul/matrix_transpose/tensordot/vecdot,G-023,test_has_names.py,test_has_names,array_api_tests/test_has_names.py::test_has_names[linear_algebra-matrix_transpose],AssertionError: rstsr_faer.api is missing the linear_algebra function matrix_transpose()
surface-linalg,linalg namespace + top-level matmul/matrix_transpose/tensordot/vecdot,G-023,test_has_names.py,test_has_names,array_api_tests/test_has_names.py::test_has_names[linear_algebra-tensordot],AssertionError: rstsr_faer.api is missing the linear_algebra function tensordot()
surface-linalg,linalg namespace + top-level matmul/matrix_transpose/tensordot/vecdot,G-023,test_has_names.py,test_has_names,array_api_tests/test_has_names.py::test_has_names[linear_algebra-vecdot],AssertionError: rstsr_faer.api is missing the linear_algebra function vecdot()
surface-linalg,linalg namespace + top-level matmul/matrix_transpose/tensordot/vecdot,G-023,test_linalg.py,test_matmul,array_api_tests/test_linalg.py::test_matmul,AssertionError: matmul is not defined in rstsr_faer.api
surface-linalg,linalg namespace + top-level matmul/matrix_transpose/tensordot/vecdot,G-023,test_linalg.py,test_matrix_transpose,array_api_tests/test_linalg.py::test_matrix_transpose,AssertionError: matrix_transpose is not defined in rstsr_faer.api
surface-linalg,linalg namespace + top-level matmul/matrix_transpose/tensordot/vecdot,G-023,test_linalg.py,test_tensordot,array_api_tests/test_linalg.py::test_tensordot,AssertionError: tensordot is not defined in rstsr_faer.api
surface-linalg,linalg namespace + top-level matmul/matrix_transpose/tensordot/vecdot,G-023,test_linalg.py,test_vecdot,array_api_tests/test_linalg.py::test_vecdot,AssertionError: vecdot is not defined in rstsr_faer.api
surface-linalg,linalg namespace + top-level matmul/matrix_transpose/tensordot/vecdot,G-023,test_signatures.py,test_array_method_signature,array_api_tests/test_signatures.py::test_array_method_signature[__matmul__],"AssertionError: __matmul__ not found in array object Array([[N, N, N], [N, N, N], [N, N, N]], dtype=float64, shape=(N, N))"
surface-linalg,linalg namespace + top-level matmul/matrix_transpose/tensordot/vecdot,G-023,test_signatures.py,test_func_signature,array_api_tests/test_signatures.py::test_func_signature[matmul],AssertionError: matmul not found in array module
surface-linalg,linalg namespace + top-level matmul/matrix_transpose/tensordot/vecdot,G-023,test_signatures.py,test_func_signature,array_api_tests/test_signatures.py::test_func_signature[matrix_transpose],AssertionError: matrix_transpose not found in array module
surface-linalg,linalg namespace + top-level matmul/matrix_transpose/tensordot/vecdot,G-023,test_signatures.py,test_func_signature,array_api_tests/test_signatures.py::test_func_signature[tensordot],AssertionError: tensordot not found in array module
surface-linalg,linalg namespace + top-level matmul/matrix_transpose/tensordot/vecdot,G-023,test_signatures.py,test_func_signature,array_api_tests/test_signatures.py::test_func_signature[vecdot],AssertionError: vecdot not found in array module
surface-fft,fft namespace (14 names; scope decision W7),fft,test_has_names.py,test_has_names,array_api_tests/test_has_names.py::test_has_names[fft-fft],AttributeError: module 'X' has no attribute 'X'
surface-fft,fft namespace (14 names; scope decision W7),fft,test_has_names.py,test_has_names,array_api_tests/test_has_names.py::test_has_names[fft-fftfreq],AttributeError: module 'X' has no attribute 'X'
surface-fft,fft namespace (14 names; scope decision W7),fft,test_has_names.py,test_has_names,array_api_tests/test_has_names.py::test_has_names[fft-fftn],AttributeError: module 'X' has no attribute 'X'
surface-fft,fft namespace (14 names; scope decision W7),fft,test_has_names.py,test_has_names,array_api_tests/test_has_names.py::test_has_names[fft-fftshift],AttributeError: module 'X' has no attribute 'X'
surface-fft,fft namespace (14 names; scope decision W7),fft,test_has_names.py,test_has_names,array_api_tests/test_has_names.py::test_has_names[fft-hfft],AttributeError: module 'X' has no attribute 'X'
surface-fft,fft namespace (14 names; scope decision W7),fft,test_has_names.py,test_has_names,array_api_tests/test_has_names.py::test_has_names[fft-ifft],AttributeError: module 'X' has no attribute 'X'
surface-fft,fft namespace (14 names; scope decision W7),fft,test_has_names.py,test_has_names,array_api_tests/test_has_names.py::test_has_names[fft-ifftn],AttributeError: module 'X' has no attribute 'X'
surface-fft,fft namespace (14 names; scope decision W7),fft,test_has_names.py,test_has_names,array_api_tests/test_has_names.py::test_has_names[fft-ifftshift],AttributeError: module 'X' has no attribute 'X'
surface-fft,fft namespace (14 names; scope decision W7),fft,test_has_names.py,test_has_names,array_api_tests/test_has_names.py::test_has_names[fft-ihfft],AttributeError: module 'X' has no attribute 'X'
surface-fft,fft namespace (14 names; scope decision W7),fft,test_has_names.py,test_has_names,array_api_tests/test_has_names.py::test_has_names[fft-irfft],AttributeError: module 'X' has no attribute 'X'
surface-fft,fft namespace (14 names; scope decision W7),fft,test_has_names.py,test_has_names,array_api_tests/test_has_names.py::test_has_names[fft-irfftn],AttributeError: module 'X' has no attribute 'X'
surface-fft,fft namespace (14 names; scope decision W7),fft,test_has_names.py,test_has_names,array_api_tests/test_has_names.py::test_has_names[fft-rfft],AttributeError: module 'X' has no attribute 'X'
surface-fft,fft namespace (14 names; scope decision W7),fft,test_has_names.py,test_has_names,array_api_tests/test_has_names.py::test_has_names[fft-rfftfreq],AttributeError: module 'X' has no attribute 'X'
surface-fft,fft namespace (14 names; scope decision W7),fft,test_has_names.py,test_has_names,array_api_tests/test_has_names.py::test_has_names[fft-rfftn],AttributeError: module 'X' has no attribute 'X'
surface-dtype,dtype fns can_cast/isdtype/result_type,G-027/G-008,test_data_type_functions.py,test_arrays_and_dtypes,array_api_tests/test_data_type_functions.py::TestResultType::test_arrays_and_dtypes,AssertionError: result_type is not defined in rstsr_faer.api
surface-dtype,dtype fns can_cast/isdtype/result_type,G-027/G-008,test_data_type_functions.py,test_result_type,array_api_tests/test_data_type_functions.py::TestResultType::test_result_type,AssertionError: result_type is not defined in rstsr_faer.api
surface-dtype,dtype fns can_cast/isdtype/result_type,G-027/G-008,test_data_type_functions.py,test_shuffled,array_api_tests/test_data_type_functions.py::TestResultType::test_shuffled,AssertionError: result_type is not defined in rstsr_faer.api
surface-dtype,dtype fns can_cast/isdtype/result_type,G-027/G-008,test_data_type_functions.py,test_with_scalars,array_api_tests/test_data_type_functions.py::TestResultType::test_with_scalars,AssertionError: result_type is not defined in rstsr_faer.api
surface-dtype,dtype fns can_cast/isdtype/result_type,G-027/G-008,test_data_type_functions.py,test_can_cast,array_api_tests/test_data_type_functions.py::test_can_cast,AssertionError: can_cast is not defined in rstsr_faer.api
surface-dtype,dtype fns can_cast/isdtype/result_type,G-027/G-008,test_data_type_functions.py,test_isdtype,array_api_tests/test_data_type_functions.py::test_isdtype,AssertionError: isdtype is not defined in rstsr_faer.api
surface-dtype,dtype fns can_cast/isdtype/result_type,G-027/G-008,test_has_names.py,test_has_names,array_api_tests/test_has_names.py::test_has_names[data_type-can_cast],AssertionError: rstsr_faer.api is missing the data_type function can_cast()
surface-dtype,dtype fns can_cast/isdtype/result_type,G-027/G-008,test_has_names.py,test_has_names,array_api_tests/test_has_names.py::test_has_names[data_type-isdtype],AssertionError: rstsr_faer.api is missing the data_type function isdtype()
surface-dtype,dtype fns can_cast/isdtype/result_type,G-027/G-008,test_has_names.py,test_has_names,array_api_tests/test_has_names.py::test_has_names[data_type-result_type],AssertionError: rstsr_faer.api is missing the data_type function result_type()
surface-dtype,dtype fns can_cast/isdtype/result_type,G-027/G-008,test_signatures.py,test_func_signature,array_api_tests/test_signatures.py::test_func_signature[can_cast],AssertionError: can_cast not found in array module
surface-dtype,dtype fns can_cast/isdtype/result_type,G-027/G-008,test_signatures.py,test_func_signature,array_api_tests/test_signatures.py::test_func_signature[isdtype],AssertionError: isdtype not found in array module
surface-dtype,dtype fns can_cast/isdtype/result_type,G-027/G-008,test_signatures.py,test_func_signature,array_api_tests/test_signatures.py::test_func_signature[result_type],AssertionError: result_type not found in array module
surface-elem,clip (no rstsr primitive),clip,test_has_names.py,test_has_names,array_api_tests/test_has_names.py::test_has_names[elementwise-clip],AssertionError: rstsr_faer.api is missing the elementwise function clip()
surface-elem,clip (no rstsr primitive),clip,test_operators_and_elementwise_functions.py,test_clip,array_api_tests/test_operators_and_elementwise_functions.py::test_clip,AssertionError: clip is not defined in rstsr_faer.api
surface-elem,clip (no rstsr primitive),clip,test_signatures.py,test_func_signature,array_api_tests/test_signatures.py::test_func_signature[clip],AssertionError: clip not found in array module
surface-elem,log1p name (kernel is TODO),G-058,test_has_names.py,test_has_names,array_api_tests/test_has_names.py::test_has_names[elementwise-log1p],AssertionError: rstsr_faer.api is missing the elementwise function log1p()
surface-elem,log1p name (kernel is TODO),G-058,test_signatures.py,test_func_signature,array_api_tests/test_signatures.py::test_func_signature[log1p],AssertionError: log1p not found in array module
rust,"NaN propagation (max/min, maximum/minimum)",G-056,test_special_cases.py,test_binary,array_api_tests/test_special_cases.py::test_binary[maximum(x1_i is NaN or x2_i is NaN) -> NaN],"AssertionError: out=N, but should be NaN [maximum()]"
rust,"NaN propagation (max/min, maximum/minimum)",G-056,test_special_cases.py,test_binary,array_api_tests/test_special_cases.py::test_binary[minimum(x1_i is NaN or x2_i is NaN) -> NaN],"AssertionError: out=N, but should be NaN [minimum()]"
rust,"NaN propagation (max/min, maximum/minimum)",G-056,test_special_cases.py,test_nan_propagation,array_api_tests/test_special_cases.py::test_nan_propagation[max],"AssertionError: out=Array(-N.7976931348623157e+N, dtype=float64, shape=()), but should be NaN"
rust,"NaN propagation (max/min, maximum/minimum)",G-056,test_special_cases.py,test_nan_propagation,array_api_tests/test_special_cases.py::test_nan_propagation[min],"AssertionError: out=Array(N.7976931348623157e+N, dtype=float64, shape=()), but should be NaN"
rust,complex special values / accuracy,G-055,test_operators_and_elementwise_functions.py,test_acos,array_api_tests/test_operators_and_elementwise_functions.py::test_acos,"AssertionError: out=(-N+N.763185501098633j), but should be roughly acos(x)=(N+N.586170679670484j) [acos()]"
rust,complex special values / accuracy,G-055,test_operators_and_elementwise_functions.py,test_asin,array_api_tests/test_operators_and_elementwise_functions.py::test_asin,ExceptionGroup: Hypothesis found N distinct failures. (N sub-exceptions)
rust,complex special values / accuracy,G-055,test_operators_and_elementwise_functions.py,test_asinh,array_api_tests/test_operators_and_elementwise_functions.py::test_asinh,"AssertionError: out=(-N+N.5707963705062866j), but should be roughly asinh(x)=(-N+N.0003661661985604538j) [asinh()]"
rust,complex special values / accuracy,G-055,test_operators_and_elementwise_functions.py,test_tan,array_api_tests/test_operators_and_elementwise_functions.py::test_tan,"ValueError: a=nanj and b=(N.4901589188743456e-N+1j), but input must be non-NaN"
rust,complex special values / accuracy,G-055,test_operators_and_elementwise_functions.py,test_tanh,array_api_tests/test_operators_and_elementwise_functions.py::test_tanh,"ValueError: a=(nan+0j) and b=(N+N.4901589188743456e-39j), but input must be non-NaN"
rust,complex special values / accuracy,G-055,test_special_cases.py,test_unary,array_api_tests/test_special_cases.py::test_unary[acos((real(x_i) is +0 or real(x_i) == -0) and imag(x_i) is NaN) -> \u03c0/2 + NaN j],"AssertionError: out=(nan+nanj), but should be π/N + NaN j [acos()]"
rust,complex special values / accuracy,G-055,test_special_cases.py,test_unary,array_api_tests/test_special_cases.py::test_unary[acos((real(x_i) is +infinity or real(x_i) == -infinity) and imag(x_i) is NaN) -> NaN \xb1 infinity j],"AssertionError: out=(nan+nanj), but should be NaN ± infinity j [acos()]"
rust,complex special values / accuracy,G-055,test_special_cases.py,test_unary,array_api_tests/test_special_cases.py::test_unary[acos(isfinite(real(x_i)) and imag(x_i) is +infinity) -> \u03c0/2 - infinity j],"AssertionError: out=(nan+nanj), but should be π/N - infinity j [acos()]"
rust,complex special values / accuracy,G-055,test_special_cases.py,test_unary,array_api_tests/test_special_cases.py::test_unary[acos(real(x_i) is +infinity and imag(x_i) is +infinity) -> \u03c0/4 - infinity j],"AssertionError: out=(nan+nanj), but should be π/N - infinity j [acos()]"
rust,complex special values / accuracy,G-055,test_special_cases.py,test_unary,array_api_tests/test_special_cases.py::test_unary[acos(real(x_i) is +infinity and isfinite(imag(x_i)) and imag(x_i) > 0) -> +0 - infinity j],"AssertionError: out=(nan+nanj), but should be +N - infinity j [acos()]"
rust,complex special values / accuracy,G-055,test_special_cases.py,test_unary,array_api_tests/test_special_cases.py::test_unary[acos(real(x_i) is -infinity and imag(x_i) is +infinity) -> 3\u03c0/4 - infinity j],"AssertionError: out=(nan+nanj), but should be 3π/N - infinity j [acos()]"
rust,complex special values / accuracy,G-055,test_special_cases.py,test_unary,array_api_tests/test_special_cases.py::test_unary[acos(real(x_i) is -infinity and isfinite(imag(x_i)) and imag(x_i) > 0) -> \u03c0 - infinity j],"AssertionError: out=(nan+nanj), but should be π - infinity j [acos()]"
rust,complex special values / accuracy,G-055,test_special_cases.py,test_unary,array_api_tests/test_special_cases.py::test_unary[acos(real(x_i) is NaN and imag(x_i) is +infinity) -> NaN - infinity j],"AssertionError: out=(nan+nanj), but should be NaN - infinity j [acos()]"
rust,complex special values / accuracy,G-055,test_special_cases.py,test_unary,array_api_tests/test_special_cases.py::test_unary[acosh((real(x_i) is +infinity or real(x_i) == -infinity) and imag(x_i) is NaN) -> +infinity + NaN j],"AssertionError: out=(nan+nanj), but should be +infinity + NaN j [acosh()]"
rust,complex special values / accuracy,G-055,test_special_cases.py,test_unary,array_api_tests/test_special_cases.py::test_unary[acosh(isfinite(real(x_i)) and imag(x_i) is +infinity) -> +infinity + \u03c0j/2],"AssertionError: out=(nan+nanj), but should be +infinity + πj/N [acosh()]"
rust,complex special values / accuracy,G-055,test_special_cases.py,test_unary,array_api_tests/test_special_cases.py::test_unary[acosh(real(x_i) is +0 and imag(x_i) is NaN) -> NaN \xb1 \u03c0j/2],"AssertionError: out=(nan+nanj), but should be NaN ± πj/N [acosh()]"
rust,complex special values / accuracy,G-055,test_special_cases.py,test_unary,array_api_tests/test_special_cases.py::test_unary[acosh(real(x_i) is +infinity and imag(x_i) is +infinity) -> +infinity + \u03c0j/4],"AssertionError: out=(nan+nanj), but should be +infinity + πj/N [acosh()]"
rust,complex special values / accuracy,G-055,test_special_cases.py,test_unary,array_api_tests/test_special_cases.py::test_unary[acosh(real(x_i) is +infinity and isfinite(imag(x_i)) and imag(x_i) > 0) -> +infinity + 0j],"AssertionError: out=(nan+nanj), but should be +infinity + 0j [acosh()]"
rust,complex special values / accuracy,G-055,test_special_cases.py,test_unary,array_api_tests/test_special_cases.py::test_unary[acosh(real(x_i) is -infinity and imag(x_i) is +infinity) -> +infinity + 3\u03c0j/4],"AssertionError: out=(nan+nanj), but should be +infinity + 3πj/N [acosh()]"
rust,complex special values / accuracy,G-055,test_special_cases.py,test_unary,array_api_tests/test_special_cases.py::test_unary[acosh(real(x_i) is -infinity and isfinite(imag(x_i)) and imag(x_i) > 0) -> +infinity + \u03c0j],"AssertionError: out=(nan+nanj), but should be +infinity + πj [acosh()]"
rust,complex special values / accuracy,G-055,test_special_cases.py,test_unary,array_api_tests/test_special_cases.py::test_unary[acosh(real(x_i) is NaN and imag(x_i) is +infinity) -> +infinity + NaN j],"AssertionError: out=(nan+nanj), but should be +infinity + NaN j [acosh()]"
rust,complex special values / accuracy,G-055,test_special_cases.py,test_unary,array_api_tests/test_special_cases.py::test_unary[asinh(isfinite(real(x_i)) and real(x_i) > 0 and imag(x_i) is +infinity) -> +infinity + \u03c0j/2],"AssertionError: out=(inf+N.7853981633974483j), but should be +infinity + πj/N [asinh()]"
rust,complex special values / accuracy,G-055,test_special_cases.py,test_unary,array_api_tests/test_special_cases.py::test_unary[asinh(real(x_i) is +infinity and imag(x_i) is +infinity) -> +infinity + \u03c0j/4],"AssertionError: out=(nan+nanj), but should be +infinity + πj/N [asinh()]"
rust,complex special values / accuracy,G-055,test_special_cases.py,test_unary,array_api_tests/test_special_cases.py::test_unary[asinh(real(x_i) is +infinity and isfinite(imag(x_i)) and imag(x_i) > 0) -> +infinity + 0j],"AssertionError: out=(inf+N.7853981633974483j), but should be +infinity + 0j [asinh()]"
rust,complex special values / accuracy,G-055,test_special_cases.py,test_unary,array_api_tests/test_special_cases.py::test_unary[asinh(real(x_i) is NaN and imag(x_i) is +0) -> NaN + 0j],"AssertionError: out=(nan+nanj), but should be NaN + 0j [asinh()]"
rust,complex special values / accuracy,G-055,test_special_cases.py,test_unary,array_api_tests/test_special_cases.py::test_unary[asinh(real(x_i) is NaN and imag(x_i) is +infinity) -> \xb1infinity + NaN j],"AssertionError: out=(nan+nanj), but should be ±infinity + NaN j [asinh()]"
rust,complex special values / accuracy,G-055,test_special_cases.py,test_unary,array_api_tests/test_special_cases.py::test_unary[atanh(isfinite(real(x_i)) and real(x_i) > 0 and imag(x_i) is +infinity) -> +0 + \u03c0j/2],"AssertionError: out=(nan+nanj), but should be +N + πj/N [atanh()]"
rust,complex special values / accuracy,G-055,test_special_cases.py,test_unary,array_api_tests/test_special_cases.py::test_unary[atanh(real(x_i) is +0 and imag(x_i) is NaN) -> +0 + NaN j],"AssertionError: out=(nan+nanj), but should be +N + NaN j [atanh()]"
rust,complex special values / accuracy,G-055,test_special_cases.py,test_unary,array_api_tests/test_special_cases.py::test_unary[atanh(real(x_i) is +infinity and imag(x_i) is +infinity) -> +0 + \u03c0j/2],"AssertionError: out=(nan+nanj), but should be +N + πj/N [atanh()]"
rust,complex special values / accuracy,G-055,test_special_cases.py,test_unary,array_api_tests/test_special_cases.py::test_unary[atanh(real(x_i) is +infinity and imag(x_i) is NaN) -> +0 + NaN j],"AssertionError: out=(nan+nanj), but should be +N + NaN j [atanh()]"
rust,complex special values / accuracy,G-055,test_special_cases.py,test_unary,array_api_tests/test_special_cases.py::test_unary[atanh(real(x_i) is +infinity and isfinite(imag(x_i)) and imag(x_i) > 0) -> +0 + \u03c0j/2],"AssertionError: out=(nan+nanj), but should be +N + πj/N [atanh()]"
rust,complex special values / accuracy,G-055,test_special_cases.py,test_unary,array_api_tests/test_special_cases.py::test_unary[atanh(real(x_i) is NaN and imag(x_i) is +infinity) -> \xb10 + \u03c0j/2],"AssertionError: out=(nan+nanj), but should be ±N + πj/N [atanh()]"
rust,complex special values / accuracy,G-055,test_special_cases.py,test_unary,array_api_tests/test_special_cases.py::test_unary[cosh(real(x_i) is +0 and imag(x_i) is +infinity) -> NaN + 0j],"AssertionError: out=(nan+nanj), but should be NaN + 0j [cosh()]"
rust,complex special values / accuracy,G-055,test_special_cases.py,test_unary,array_api_tests/test_special_cases.py::test_unary[cosh(real(x_i) is +0 and imag(x_i) is NaN) -> NaN + 0j],"AssertionError: out=(nan+nanj), but should be NaN + 0j [cosh()]"
rust,complex special values / accuracy,G-055,test_special_cases.py,test_unary,array_api_tests/test_special_cases.py::test_unary[cosh(real(x_i) is +infinity and imag(x_i) is +0) -> +infinity + 0j],"AssertionError: out=(inf+nanj), but should be +infinity + 0j [cosh()]"
rust,complex special values / accuracy,G-055,test_special_cases.py,test_unary,array_api_tests/test_special_cases.py::test_unary[cosh(real(x_i) is +infinity and imag(x_i) is +infinity) -> +infinity + NaN j],"AssertionError: out=(nan+nanj), but should be +infinity + NaN j [cosh()]"
rust,complex special values / accuracy,G-055,test_special_cases.py,test_unary,array_api_tests/test_special_cases.py::test_unary[cosh(real(x_i) is +infinity and imag(x_i) is NaN) -> +infinity + NaN j],"AssertionError: out=(nan+nanj), but should be +infinity + NaN j [cosh()]"
rust,complex special values / accuracy,G-055,test_special_cases.py,test_unary,array_api_tests/test_special_cases.py::test_unary[cosh(real(x_i) is NaN and (imag(x_i) is +0 or imag(x_i) == -0)) -> NaN + 0j],"AssertionError: out=(nan+nanj), but should be NaN + 0j [cosh()]"
rust,complex special values / accuracy,G-055,test_special_cases.py,test_unary,array_api_tests/test_special_cases.py::test_unary[sinh(real(x_i) is +0 and imag(x_i) is +infinity) -> 0 + NaN j],"AssertionError: out=(nan+nanj), but should be N + NaN j [sinh()]"
rust,complex special values / accuracy,G-055,test_special_cases.py,test_unary,array_api_tests/test_special_cases.py::test_unary[sinh(real(x_i) is +0 and imag(x_i) is NaN) -> 0 + NaN j],"AssertionError: out=(nan+nanj), but should be N + NaN j [sinh()]"
rust,complex special values / accuracy,G-055,test_special_cases.py,test_unary,array_api_tests/test_special_cases.py::test_unary[sinh(real(x_i) is +infinity and imag(x_i) is +0) -> +infinity + 0j],"AssertionError: out=(inf+nanj), but should be +infinity + 0j [sinh()]"
rust,complex special values / accuracy,G-055,test_special_cases.py,test_unary,array_api_tests/test_special_cases.py::test_unary[sinh(real(x_i) is +infinity and imag(x_i) is +infinity) -> infinity + NaN j],"AssertionError: out=(nan+nanj), but should be infinity + NaN j [sinh()]"
rust,complex special values / accuracy,G-055,test_special_cases.py,test_unary,array_api_tests/test_special_cases.py::test_unary[sinh(real(x_i) is +infinity and imag(x_i) is NaN) -> infinity + NaN j],"AssertionError: out=(nan+nanj), but should be infinity + NaN j [sinh()]"
rust,complex special values / accuracy,G-055,test_special_cases.py,test_unary,array_api_tests/test_special_cases.py::test_unary[sinh(real(x_i) is NaN and imag(x_i) is +0) -> NaN + 0j],"AssertionError: out=(nan+nanj), but should be NaN + 0j [sinh()]"
rust,complex special values / accuracy,G-055,test_special_cases.py,test_unary,array_api_tests/test_special_cases.py::test_unary[sqrt(real(x_i) is +infinity and imag(x_i) is NaN) -> +infinity + NaN j],"AssertionError: out=(nan+nanj), but should be +infinity + NaN j [sqrt()]"
rust,complex special values / accuracy,G-055,test_special_cases.py,test_unary,array_api_tests/test_special_cases.py::test_unary[sqrt(real(x_i) is +infinity and isfinite(imag(x_i)) and imag(x_i) > 0) -> +infinity + 0 j],"AssertionError: out=(inf+nanj), but should be +infinity + N j [sqrt()]"
rust,complex special values / accuracy,G-055,test_special_cases.py,test_unary,array_api_tests/test_special_cases.py::test_unary[sqrt(real(x_i) is -infinity and imag(x_i) is NaN) -> NaN + infinity j],"AssertionError: out=(nan+nanj), but should be NaN + infinity j [sqrt()]"
rust,complex special values / accuracy,G-055,test_special_cases.py,test_unary,array_api_tests/test_special_cases.py::test_unary[tanh(real(x_i) is +0 and imag(x_i) is +infinity) -> +0 + NaN j],"AssertionError: out=(nan+nanj), but should be +N + NaN j [tanh()]"
rust,complex special values / accuracy,G-055,test_special_cases.py,test_unary,array_api_tests/test_special_cases.py::test_unary[tanh(real(x_i) is +0 and imag(x_i) is NaN) -> +0 + NaN j],"AssertionError: out=(nan+nanj), but should be +N + NaN j [tanh()]"
rust,complex special values / accuracy,G-055,test_special_cases.py,test_unary,array_api_tests/test_special_cases.py::test_unary[tanh(real(x_i) is +infinity and imag(x_i) is +infinity) -> 1 + 0j],"AssertionError: out=(nan+nanj), but should be N + 0j [tanh()]"
rust,complex special values / accuracy,G-055,test_special_cases.py,test_unary,array_api_tests/test_special_cases.py::test_unary[tanh(real(x_i) is +infinity and imag(x_i) is NaN) -> 1 + 0j],"AssertionError: out=(nan+nanj), but should be N + 0j [tanh()]"
rust,complex special values / accuracy,G-055,test_special_cases.py,test_unary,array_api_tests/test_special_cases.py::test_unary[tanh(real(x_i) is +infinity and isfinite(imag(x_i)) and imag(x_i) > 0) -> 1 + 0j],"AssertionError: out=(nan-0j), but should be N + 0j [tanh()]"
rust,complex special values / accuracy,G-055,test_special_cases.py,test_unary,array_api_tests/test_special_cases.py::test_unary[tanh(real(x_i) is NaN and imag(x_i) is +0) -> NaN + 0j],"AssertionError: out=(nan+nanj), but should be NaN + 0j [tanh()]"
rust,complex/int expm1 (special values),G-055/G-052,test_operators_and_elementwise_functions.py,test_expm1,array_api_tests/test_operators_and_elementwise_functions.py::test_expm1,TypeError: unary op: complex inputs are not provided by rstsr (gap)
rust,complex/int expm1 (special values),G-055/G-052,test_special_cases.py,test_unary,array_api_tests/test_special_cases.py::test_unary[expm1((real(x_i) is +0 or real(x_i) == -0) and imag(x_i) is +0) -> 0 + 0j],TypeError: unary op: complex inputs are not provided by rstsr (gap)
rust,complex/int expm1 (special values),G-055/G-052,test_special_cases.py,test_unary,array_api_tests/test_special_cases.py::test_unary[expm1(isfinite(real(x_i)) and imag(x_i) is +infinity) -> NaN + NaN j],TypeError: unary op: complex inputs are not provided by rstsr (gap)
rust,complex/int expm1 (special values),G-055/G-052,test_special_cases.py,test_unary,array_api_tests/test_special_cases.py::test_unary[expm1(isfinite(real(x_i)) and imag(x_i) is NaN) -> NaN + NaN j],TypeError: unary op: complex inputs are not provided by rstsr (gap)
rust,complex/int expm1 (special values),G-055/G-052,test_special_cases.py,test_unary,array_api_tests/test_special_cases.py::test_unary[expm1(real(x_i) is +infinity and imag(x_i) is +0) -> +infinity + 0j],TypeError: unary op: complex inputs are not provided by rstsr (gap)
rust,complex/int expm1 (special values),G-055/G-052,test_special_cases.py,test_unary,array_api_tests/test_special_cases.py::test_unary[expm1(real(x_i) is +infinity and imag(x_i) is +infinity) -> infinity + NaN j],TypeError: unary op: complex inputs are not provided by rstsr (gap)
rust,complex/int expm1 (special values),G-055/G-052,test_special_cases.py,test_unary,array_api_tests/test_special_cases.py::test_unary[expm1(real(x_i) is +infinity and imag(x_i) is NaN) -> infinity + NaN j],TypeError: unary op: complex inputs are not provided by rstsr (gap)
rust,complex/int expm1 (special values),G-055/G-052,test_special_cases.py,test_unary,array_api_tests/test_special_cases.py::test_unary[expm1(real(x_i) is -infinity and imag(x_i) is +infinity) -> -1 + 0j],TypeError: unary op: complex inputs are not provided by rstsr (gap)
rust,complex/int expm1 (special values),G-055/G-052,test_special_cases.py,test_unary,array_api_tests/test_special_cases.py::test_unary[expm1(real(x_i) is -infinity and imag(x_i) is NaN) -> -1 + 0j],TypeError: unary op: complex inputs are not provided by rstsr (gap)
rust,complex/int expm1 (special values),G-055/G-052,test_special_cases.py,test_unary,array_api_tests/test_special_cases.py::test_unary[expm1(real(x_i) is NaN and imag(x_i) is +0) -> NaN + 0j],TypeError: unary op: complex inputs are not provided by rstsr (gap)
rust,complex/int expm1 (special values),G-055/G-052,test_special_cases.py,test_unary,array_api_tests/test_special_cases.py::test_unary[expm1(real(x_i) is NaN and imag(x_i) is NaN) -> NaN + NaN j],TypeError: unary op: complex inputs are not provided by rstsr (gap)
rust,complex/int expm1 (special values),G-055/G-052,test_special_cases.py,test_unary,array_api_tests/test_special_cases.py::test_unary[expm1(real(x_i) is NaN and not imag(x_i) == 0) -> NaN + NaN j],TypeError: unary op: complex inputs are not provided by rstsr (gap)
rust,empty-tensor setitem (InvalidLayout),G-045,test_array_object.py,test_setitem,array_api_tests/test_array_object.py::test_setitem,"ValueError: Error { inner: InvalidLayout(""rstsr-core/src/tensor/assignment.rs:N: Error::InvalidLayout : cannot assign to broadcasted tensor : !a.layout().is_bro"
rust,integer ceil/floor/trunc/round (dtype preservation),G-052,test_operators_and_elementwise_functions.py,test_ceil,array_api_tests/test_operators_and_elementwise_functions.py::test_ceil,TypeError: ceil: integer inputs are not provided by rstsr (the kernel promotes to float64; the spec requires dtype preservation) — register G-N
rust,integer ceil/floor/trunc/round (dtype preservation),G-052,test_operators_and_elementwise_functions.py,test_floor,array_api_tests/test_operators_and_elementwise_functions.py::test_floor,TypeError: floor: integer inputs are not provided by rstsr (the kernel promotes to float64; the spec requires dtype preservation) — register G-N
rust,integer ceil/floor/trunc/round (dtype preservation),G-052,test_operators_and_elementwise_functions.py,test_round,array_api_tests/test_operators_and_elementwise_functions.py::test_round,TypeError: round: integer inputs are not provided by rstsr (the kernel promotes to float64; the spec requires dtype preservation) — register G-N
rust,integer ceil/floor/trunc/round (dtype preservation),G-052,test_operators_and_elementwise_functions.py,test_trunc,array_api_tests/test_operators_and_elementwise_functions.py::test_trunc,TypeError: trunc: integer inputs are not provided by rstsr (the kernel promotes to float64; the spec requires dtype preservation) — register G-N
rust,log1p (kernel is TODO),G-058,test_operators_and_elementwise_functions.py,test_log1p,array_api_tests/test_operators_and_elementwise_functions.py::test_log1p,AssertionError: log1p is not defined in rstsr_faer.api
rust,log1p (kernel is TODO),G-058,test_special_cases.py,test_unary,array_api_tests/test_special_cases.py::test_unary[log1p((real(x_i) is +infinity or real(x_i) == -infinity) and imag(x_i) is NaN) -> +infinity + NaN j],TypeError: 'X' object is not callable
rust,log1p (kernel is TODO),G-058,test_special_cases.py,test_unary,array_api_tests/test_special_cases.py::test_unary[log1p(isfinite(real(x_i)) and imag(x_i) is +infinity) -> +infinity + \u03c0j/2],TypeError: 'X' object is not callable
rust,log1p (kernel is TODO),G-058,test_special_cases.py,test_unary,array_api_tests/test_special_cases.py::test_unary[log1p(isfinite(real(x_i)) and imag(x_i) is NaN) -> NaN + NaN j],TypeError: 'X' object is not callable
rust,log1p (kernel is TODO),G-058,test_special_cases.py,test_unary,array_api_tests/test_special_cases.py::test_unary[log1p(real(x_i) is +infinity and imag(x_i) is +infinity) -> +infinity + \u03c0j/4],TypeError: 'X' object is not callable
rust,log1p (kernel is TODO),G-058,test_special_cases.py,test_unary,array_api_tests/test_special_cases.py::test_unary[log1p(real(x_i) is +infinity and isfinite(imag(x_i)) and imag(x_i) > 0) -> +infinity + 0j],TypeError: 'X' object is not callable
rust,log1p (kernel is TODO),G-058,test_special_cases.py,test_unary,array_api_tests/test_special_cases.py::test_unary[log1p(real(x_i) is -1 and imag(x_i) is +0) -> -infinity + 0j],TypeError: 'X' object is not callable
rust,log1p (kernel is TODO),G-058,test_special_cases.py,test_unary,array_api_tests/test_special_cases.py::test_unary[log1p(real(x_i) is -infinity and imag(x_i) is +infinity) -> +infinity + 3\u03c0j/4],TypeError: 'X' object is not callable
rust,log1p (kernel is TODO),G-058,test_special_cases.py,test_unary,array_api_tests/test_special_cases.py::test_unary[log1p(real(x_i) is -infinity and isfinite(imag(x_i)) and imag(x_i) > 0) -> +infinity + \u03c0j],TypeError: 'X' object is not callable
rust,log1p (kernel is TODO),G-058,test_special_cases.py,test_unary,array_api_tests/test_special_cases.py::test_unary[log1p(real(x_i) is NaN and imag(x_i) is +infinity) -> +infinity + NaN j],TypeError: 'X' object is not callable
rust,log1p (kernel is TODO),G-058,test_special_cases.py,test_unary,array_api_tests/test_special_cases.py::test_unary[log1p(real(x_i) is NaN and imag(x_i) is NaN) -> NaN + NaN j],TypeError: 'X' object is not callable
rust,log1p (kernel is TODO),G-058,test_special_cases.py,test_unary,array_api_tests/test_special_cases.py::test_unary[log1p(real(x_i) is NaN and isfinite(imag(x_i))) -> NaN + NaN j],TypeError: 'X' object is not callable
rust,log1p (kernel is TODO),G-058,test_special_cases.py,test_unary,array_api_tests/test_special_cases.py::test_unary[log1p(x_i < -1) -> NaN],TypeError: 'X' object is not callable
rust,log1p (kernel is TODO),G-058,test_special_cases.py,test_unary,array_api_tests/test_special_cases.py::test_unary[log1p(x_i is +0) -> +0],TypeError: 'X' object is not callable
rust,log1p (kernel is TODO),G-058,test_special_cases.py,test_unary,array_api_tests/test_special_cases.py::test_unary[log1p(x_i is +infinity) -> +infinity],TypeError: 'X' object is not callable
rust,log1p (kernel is TODO),G-058,test_special_cases.py,test_unary,array_api_tests/test_special_cases.py::test_unary[log1p(x_i is -0) -> -0],TypeError: 'X' object is not callable
rust,log1p (kernel is TODO),G-058,test_special_cases.py,test_unary,array_api_tests/test_special_cases.py::test_unary[log1p(x_i is -1) -> -infinity],TypeError: 'X' object is not callable
rust,log1p (kernel is TODO),G-058,test_special_cases.py,test_unary,array_api_tests/test_special_cases.py::test_unary[log1p(x_i is NaN) -> NaN],TypeError: 'X' object is not callable
rust,mask / fancy indexing,G-038/G-039,test_array_object.py,test_getitem_arrays_and_ints_1,array_api_tests/test_array_object.py::test_getitem_arrays_and_ints_1[1],G-038/G-039
rust,mask / fancy indexing,G-038/G-039,test_array_object.py,test_getitem_arrays_and_ints_1,array_api_tests/test_array_object.py::test_getitem_arrays_and_ints_1[None],G-038/G-039
rust,mask / fancy indexing,G-038/G-039,test_array_object.py,test_getitem_arrays_and_ints_2,array_api_tests/test_array_object.py::test_getitem_arrays_and_ints_2[1],G-038/G-039
rust,mask / fancy indexing,G-038/G-039,test_array_object.py,test_getitem_arrays_and_ints_2,array_api_tests/test_array_object.py::test_getitem_arrays_and_ints_2[None],G-038/G-039
rust,mask / fancy indexing,G-038/G-039,test_array_object.py,test_getitem_masking,array_api_tests/test_array_object.py::test_getitem_masking,G-038/G-039
rust,mask / fancy indexing,G-038/G-039,test_array_object.py,test_setitem_masking,array_api_tests/test_array_object.py::test_setitem_masking,G-038/G-039
rust,"mixed-dtype arithmetic & joins (add/sub/mul/div, bitwise_*, concat/stack)",G-009,test_manipulation_functions.py,test_concat,array_api_tests/test_manipulation_functions.py::test_concat,"TypeError: concat: all arrays must share one dtype — cross-dtype joins need type promotion, which rstsr does not provide (register G-N); cast with astype() firs"
rust,"mixed-dtype arithmetic & joins (add/sub/mul/div, bitwise_*, concat/stack)",G-009,test_manipulation_functions.py,test_stack,array_api_tests/test_manipulation_functions.py::test_stack,"TypeError: stack: all arrays must share one dtype — cross-dtype joins need type promotion, which rstsr does not provide (register G-N); cast with astype() first"
rust,"mixed-dtype arithmetic & joins (add/sub/mul/div, bitwise_*, concat/stack)",G-009,test_operators_and_elementwise_functions.py,test_add,"array_api_tests/test_operators_and_elementwise_functions.py::test_add[__add__(x1, x2)]",TypeError: add: mixed-dtype operands require type promotion (rstsr gap); use astype()
rust,"mixed-dtype arithmetic & joins (add/sub/mul/div, bitwise_*, concat/stack)",G-009,test_operators_and_elementwise_functions.py,test_add,"array_api_tests/test_operators_and_elementwise_functions.py::test_add[__iadd__(x1, x2)]",TypeError: add: mixed-dtype operands require type promotion (rstsr gap); use astype()
rust,"mixed-dtype arithmetic & joins (add/sub/mul/div, bitwise_*, concat/stack)",G-009,test_operators_and_elementwise_functions.py,test_add,"array_api_tests/test_operators_and_elementwise_functions.py::test_add[add(x1, x2)]",TypeError: add: mixed-dtype operands require type promotion (rstsr gap); use astype()
rust,"mixed-dtype arithmetic & joins (add/sub/mul/div, bitwise_*, concat/stack)",G-009,test_operators_and_elementwise_functions.py,test_bitwise_and,"array_api_tests/test_operators_and_elementwise_functions.py::test_bitwise_and[__and__(x1, x2)]",TypeError: bitwise_and: mixed-dtype operands require type promotion (rstsr gap G-N); use astype()
rust,"mixed-dtype arithmetic & joins (add/sub/mul/div, bitwise_*, concat/stack)",G-009,test_operators_and_elementwise_functions.py,test_bitwise_and,"array_api_tests/test_operators_and_elementwise_functions.py::test_bitwise_and[__iand__(x1, x2)]",TypeError: bitwise_and: mixed-dtype operands require type promotion (rstsr gap G-N); use astype()
rust,"mixed-dtype arithmetic & joins (add/sub/mul/div, bitwise_*, concat/stack)",G-009,test_operators_and_elementwise_functions.py,test_bitwise_and,"array_api_tests/test_operators_and_elementwise_functions.py::test_bitwise_and[bitwise_and(x1, x2)]",TypeError: bitwise_and: mixed-dtype operands require type promotion (rstsr gap G-N); use astype()
rust,"mixed-dtype arithmetic & joins (add/sub/mul/div, bitwise_*, concat/stack)",G-009,test_operators_and_elementwise_functions.py,test_bitwise_left_shift,"array_api_tests/test_operators_and_elementwise_functions.py::test_bitwise_left_shift[__ilshift__(x1, x2)]",TypeError: bitwise_left_shift: only integer dtypes of matching kind are allowed
rust,"mixed-dtype arithmetic & joins (add/sub/mul/div, bitwise_*, concat/stack)",G-009,test_operators_and_elementwise_functions.py,test_bitwise_left_shift,"array_api_tests/test_operators_and_elementwise_functions.py::test_bitwise_left_shift[__lshift__(x1, x2)]",TypeError: bitwise_left_shift: only integer dtypes of matching kind are allowed
rust,"mixed-dtype arithmetic & joins (add/sub/mul/div, bitwise_*, concat/stack)",G-009,test_operators_and_elementwise_functions.py,test_bitwise_left_shift,"array_api_tests/test_operators_and_elementwise_functions.py::test_bitwise_left_shift[bitwise_left_shift(x1, x2)]",TypeError: bitwise_left_shift: only integer dtypes of matching kind are allowed
rust,"mixed-dtype arithmetic & joins (add/sub/mul/div, bitwise_*, concat/stack)",G-009,test_operators_and_elementwise_functions.py,test_bitwise_or,"array_api_tests/test_operators_and_elementwise_functions.py::test_bitwise_or[__ior__(x1, x2)]",TypeError: bitwise_or: mixed-dtype operands require type promotion (rstsr gap G-N); use astype()
rust,"mixed-dtype arithmetic & joins (add/sub/mul/div, bitwise_*, concat/stack)",G-009,test_operators_and_elementwise_functions.py,test_bitwise_or,"array_api_tests/test_operators_and_elementwise_functions.py::test_bitwise_or[__or__(x1, x2)]",TypeError: bitwise_or: mixed-dtype operands require type promotion (rstsr gap G-N); use astype()
rust,"mixed-dtype arithmetic & joins (add/sub/mul/div, bitwise_*, concat/stack)",G-009,test_operators_and_elementwise_functions.py,test_bitwise_or,"array_api_tests/test_operators_and_elementwise_functions.py::test_bitwise_or[bitwise_or(x1, x2)]",TypeError: bitwise_or: mixed-dtype operands require type promotion (rstsr gap G-N); use astype()
rust,"mixed-dtype arithmetic & joins (add/sub/mul/div, bitwise_*, concat/stack)",G-009,test_operators_and_elementwise_functions.py,test_bitwise_right_shift,"array_api_tests/test_operators_and_elementwise_functions.py::test_bitwise_right_shift[__irshift__(x1, x2)]",TypeError: bitwise_right_shift: only integer dtypes of matching kind are allowed
rust,"mixed-dtype arithmetic & joins (add/sub/mul/div, bitwise_*, concat/stack)",G-009,test_operators_and_elementwise_functions.py,test_bitwise_right_shift,"array_api_tests/test_operators_and_elementwise_functions.py::test_bitwise_right_shift[__rshift__(x1, x2)]",TypeError: bitwise_right_shift: only integer dtypes of matching kind are allowed
rust,"mixed-dtype arithmetic & joins (add/sub/mul/div, bitwise_*, concat/stack)",G-009,test_operators_and_elementwise_functions.py,test_bitwise_right_shift,"array_api_tests/test_operators_and_elementwise_functions.py::test_bitwise_right_shift[bitwise_right_shift(x1, x2)]",TypeError: bitwise_right_shift: only integer dtypes of matching kind are allowed
rust,"mixed-dtype arithmetic & joins (add/sub/mul/div, bitwise_*, concat/stack)",G-009,test_operators_and_elementwise_functions.py,test_bitwise_xor,"array_api_tests/test_operators_and_elementwise_functions.py::test_bitwise_xor[__ixor__(x1, x2)]",TypeError: bitwise_xor: mixed-dtype operands require type promotion (rstsr gap G-N); use astype()
rust,"mixed-dtype arithmetic & joins (add/sub/mul/div, bitwise_*, concat/stack)",G-009,test_operators_and_elementwise_functions.py,test_bitwise_xor,"array_api_tests/test_operators_and_elementwise_functions.py::test_bitwise_xor[__xor__(x1, x2)]",TypeError: bitwise_xor: mixed-dtype operands require type promotion (rstsr gap G-N); use astype()
rust,"mixed-dtype arithmetic & joins (add/sub/mul/div, bitwise_*, concat/stack)",G-009,test_operators_and_elementwise_functions.py,test_bitwise_xor,"array_api_tests/test_operators_and_elementwise_functions.py::test_bitwise_xor[bitwise_xor(x1, x2)]",TypeError: bitwise_xor: mixed-dtype operands require type promotion (rstsr gap G-N); use astype()
rust,"mixed-dtype arithmetic & joins (add/sub/mul/div, bitwise_*, concat/stack)",G-009,test_operators_and_elementwise_functions.py,test_divide,"array_api_tests/test_operators_and_elementwise_functions.py::test_divide[__itruediv__(x1, x2)]",TypeError: divide: mixed-dtype operands require type promotion (rstsr gap); use astype()
rust,"mixed-dtype arithmetic & joins (add/sub/mul/div, bitwise_*, concat/stack)",G-009,test_operators_and_elementwise_functions.py,test_divide,"array_api_tests/test_operators_and_elementwise_functions.py::test_divide[__truediv__(x1, x2)]",TypeError: divide: mixed-dtype operands require type promotion (rstsr gap); use astype()
rust,"mixed-dtype arithmetic & joins (add/sub/mul/div, bitwise_*, concat/stack)",G-009,test_operators_and_elementwise_functions.py,test_divide,"array_api_tests/test_operators_and_elementwise_functions.py::test_divide[divide(x1, x2)]",TypeError: divide: mixed-dtype operands require type promotion (rstsr gap); use astype()
rust,"mixed-dtype arithmetic & joins (add/sub/mul/div, bitwise_*, concat/stack)",G-009,test_operators_and_elementwise_functions.py,test_multiply,"array_api_tests/test_operators_and_elementwise_functions.py::test_multiply[__imul__(x1, x2)]",TypeError: multiply: mixed-dtype operands require type promotion (rstsr gap); use astype()
rust,"mixed-dtype arithmetic & joins (add/sub/mul/div, bitwise_*, concat/stack)",G-009,test_operators_and_elementwise_functions.py,test_multiply,"array_api_tests/test_operators_and_elementwise_functions.py::test_multiply[__mul__(x1, x2)]",TypeError: multiply: mixed-dtype operands require type promotion (rstsr gap); use astype()
rust,"mixed-dtype arithmetic & joins (add/sub/mul/div, bitwise_*, concat/stack)",G-009,test_operators_and_elementwise_functions.py,test_multiply,"array_api_tests/test_operators_and_elementwise_functions.py::test_multiply[multiply(x1, x2)]",TypeError: multiply: mixed-dtype operands require type promotion (rstsr gap); use astype()
rust,"mixed-dtype arithmetic & joins (add/sub/mul/div, bitwise_*, concat/stack)",G-009,test_operators_and_elementwise_functions.py,test_subtract,"array_api_tests/test_operators_and_elementwise_functions.py::test_subtract[__isub__(x1, x2)]",TypeError: subtract: mixed-dtype operands require type promotion (rstsr gap); use astype()
rust,"mixed-dtype arithmetic & joins (add/sub/mul/div, bitwise_*, concat/stack)",G-009,test_operators_and_elementwise_functions.py,test_subtract,"array_api_tests/test_operators_and_elementwise_functions.py::test_subtract[__sub__(x1, x2)]",TypeError: subtract: mixed-dtype operands require type promotion (rstsr gap); use astype()
rust,"mixed-dtype arithmetic & joins (add/sub/mul/div, bitwise_*, concat/stack)",G-009,test_operators_and_elementwise_functions.py,test_subtract,"array_api_tests/test_operators_and_elementwise_functions.py::test_subtract[subtract(x1, x2)]",TypeError: subtract: mixed-dtype operands require type promotion (rstsr gap); use astype()
rust,negative on unsigned dtypes,G-044,test_operators_and_elementwise_functions.py,test_negative,array_api_tests/test_operators_and_elementwise_functions.py::test_negative[__neg__],TypeError: negative: not defined for bool/unsigned dtypes
rust,negative on unsigned dtypes,G-044,test_operators_and_elementwise_functions.py,test_negative,array_api_tests/test_operators_and_elementwise_functions.py::test_negative[negative],TypeError: negative: not defined for bool/unsigned dtypes
rust,pow int/bool/complex bases,G-053,test_operators_and_elementwise_functions.py,test_pow,"array_api_tests/test_operators_and_elementwise_functions.py::test_pow[__ipow__(x, s)]",TypeError: pow: integer/bool/complex bases are not provided by rstsr (gap G-N)
rust,pow int/bool/complex bases,G-053,test_operators_and_elementwise_functions.py,test_pow,"array_api_tests/test_operators_and_elementwise_functions.py::test_pow[__ipow__(x1, x2)]",TypeError: pow: integer/bool/complex bases are not provided by rstsr (gap G-N)
rust,pow int/bool/complex bases,G-053,test_operators_and_elementwise_functions.py,test_pow,"array_api_tests/test_operators_and_elementwise_functions.py::test_pow[__pow__(x, s)]",TypeError: pow: integer/bool/complex bases are not provided by rstsr (gap G-N)
rust,pow int/bool/complex bases,G-053,test_operators_and_elementwise_functions.py,test_pow,"array_api_tests/test_operators_and_elementwise_functions.py::test_pow[__pow__(x1, x2)]",TypeError: pow: integer/bool/complex bases are not provided by rstsr (gap G-N)
rust,pow int/bool/complex bases,G-053,test_operators_and_elementwise_functions.py,test_pow,"array_api_tests/test_operators_and_elementwise_functions.py::test_pow[pow(x1, x2)]",TypeError: pow: integer/bool/complex bases are not provided by rstsr (gap G-N)
rust,remainder/__mod__ signed-zero + infinite divisor,G-057,test_special_cases.py,test_binary,array_api_tests/test_special_cases.py::test_binary[__mod__(isfinite(x1_i) and x1_i < 0 and x2_i is +infinity) -> x2_i],"AssertionError: out=-N, but should be x2_i [__mod__()]"
rust,remainder/__mod__ signed-zero + infinite divisor,G-057,test_special_cases.py,test_binary,array_api_tests/test_special_cases.py::test_binary[__mod__(isfinite(x1_i) and x1_i > 0 and x2_i is -infinity) -> x2_i],"AssertionError: out=N, but should be x2_i [__mod__()]"
rust,remainder/__mod__ signed-zero + infinite divisor,G-057,test_special_cases.py,test_binary,array_api_tests/test_special_cases.py::test_binary[__mod__(x1_i is +0 and x2_i < 0) -> -0],"AssertionError: out=N, but should be -N [__mod__()]"
rust,remainder/__mod__ signed-zero + infinite divisor,G-057,test_special_cases.py,test_binary,array_api_tests/test_special_cases.py::test_binary[__mod__(x1_i is -0 and x2_i > 0) -> +0],"AssertionError: out=-N, but should be +N [__mod__()]"
rust,remainder/__mod__ signed-zero + infinite divisor,G-057,test_special_cases.py,test_binary,array_api_tests/test_special_cases.py::test_binary[remainder(isfinite(x1_i) and x1_i < 0 and x2_i is +infinity) -> x2_i],"AssertionError: out=-N, but should be x2_i [remainder()]"
rust,remainder/__mod__ signed-zero + infinite divisor,G-057,test_special_cases.py,test_binary,array_api_tests/test_special_cases.py::test_binary[remainder(isfinite(x1_i) and x1_i > 0 and x2_i is -infinity) -> x2_i],"AssertionError: out=N, but should be x2_i [remainder()]"
rust,remainder/__mod__ signed-zero + infinite divisor,G-057,test_special_cases.py,test_binary,array_api_tests/test_special_cases.py::test_binary[remainder(x1_i is +0 and x2_i < 0) -> -0],"AssertionError: out=N, but should be -N [remainder()]"
rust,remainder/__mod__ signed-zero + infinite divisor,G-057,test_special_cases.py,test_binary,array_api_tests/test_special_cases.py::test_binary[remainder(x1_i is -0 and x2_i > 0) -> +0],"AssertionError: out=-N, but should be +N [remainder()]"
rust,remainder/__mod__ signed-zero + infinite divisor,G-057,test_special_cases.py,test_iop,array_api_tests/test_special_cases.py::test_iop[__imod__(isfinite(x1_i) and x1_i < 0 and x2_i is +infinity) -> x2_i],"AssertionError: x1=Array(-N, dtype=float64, shape=()), but should be x2_i [trunc()]"
rust,remainder/__mod__ signed-zero + infinite divisor,G-057,test_special_cases.py,test_iop,array_api_tests/test_special_cases.py::test_iop[__imod__(isfinite(x1_i) and x1_i > 0 and x2_i is -infinity) -> x2_i],"AssertionError: x1=Array(N, dtype=float64, shape=()), but should be x2_i [trunc()]"
rust,remainder/__mod__ signed-zero + infinite divisor,G-057,test_special_cases.py,test_iop,array_api_tests/test_special_cases.py::test_iop[__imod__(x1_i is +0 and x2_i < 0) -> -0],"AssertionError: x1=Array(N, dtype=float64, shape=()), but should be -N [trunc()]"
rust,remainder/__mod__ signed-zero + infinite divisor,G-057,test_special_cases.py,test_iop,array_api_tests/test_special_cases.py::test_iop[__imod__(x1_i is -0 and x2_i > 0) -> +0],"AssertionError: x1=Array(-N, dtype=float64, shape=()), but should be +N [trunc()]"
rust,signbit inverted semantics,G-054,test_operators_and_elementwise_functions.py,test_signbit,array_api_tests/test_operators_and_elementwise_functions.py::test_signbit,TypeError: signbit: rstsr's kernel returns is_positive (inverted sign-bit semantics) — rust-side fix required (register G-N)
rust,signbit inverted semantics,G-054,test_special_cases.py,test_unary,array_api_tests/test_special_cases.py::test_unary[signbit(isfinite(x_i) and x_i < 0) -> True],TypeError: signbit: rstsr's kernel returns is_positive (inverted sign-bit semantics) — rust-side fix required (register G-N)
rust,signbit inverted semantics,G-054,test_special_cases.py,test_unary,array_api_tests/test_special_cases.py::test_unary[signbit(isfinite(x_i) and x_i > 0) -> False],TypeError: signbit: rstsr's kernel returns is_positive (inverted sign-bit semantics) — rust-side fix required (register G-N)
rust,signbit inverted semantics,G-054,test_special_cases.py,test_unary,array_api_tests/test_special_cases.py::test_unary[signbit(x_i is +0) -> False],TypeError: signbit: rstsr's kernel returns is_positive (inverted sign-bit semantics) — rust-side fix required (register G-N)
rust,signbit inverted semantics,G-054,test_special_cases.py,test_unary,array_api_tests/test_special_cases.py::test_unary[signbit(x_i is +NaN) -> False],TypeError: signbit: rstsr's kernel returns is_positive (inverted sign-bit semantics) — rust-side fix required (register G-N)
rust,signbit inverted semantics,G-054,test_special_cases.py,test_unary,array_api_tests/test_special_cases.py::test_unary[signbit(x_i is +infinity) -> False],TypeError: signbit: rstsr's kernel returns is_positive (inverted sign-bit semantics) — rust-side fix required (register G-N)
rust,signbit inverted semantics,G-054,test_special_cases.py,test_unary,array_api_tests/test_special_cases.py::test_unary[signbit(x_i is -0) -> True],TypeError: signbit: rstsr's kernel returns is_positive (inverted sign-bit semantics) — rust-side fix required (register G-N)
rust,signbit inverted semantics,G-054,test_special_cases.py,test_unary,array_api_tests/test_special_cases.py::test_unary[signbit(x_i is -NaN) -> True],TypeError: signbit: rstsr's kernel returns is_positive (inverted sign-bit semantics) — rust-side fix required (register G-N)
rust,signbit inverted semantics,G-054,test_special_cases.py,test_unary,array_api_tests/test_special_cases.py::test_unary[signbit(x_i is -infinity) -> True],TypeError: signbit: rstsr's kernel returns is_positive (inverted sign-bit semantics) — rust-side fix required (register G-N)
